{
    "$schema": "https://schema.management.azure.com/schemas/2015-01-01/deploymentParameters.json#",
    "contentVersion": "1.0.0.0",
    "parameters": {
        "location": {
            "value": "eastus"
        },
        "extendedLocation": {
            "value": {}
        },
        "virtualNetworkName": {
            "value": "DevLabVNet"
        },
        "resourceGroup": {
            "value": "DevLabDemo"
        },
        "addressSpaces": {
            "value": [
                "10.20.0.0/16"
            ]
        },
        "ipv6Enabled": {
            "value": false
        },
        "subnetCount": {
            "value": 2
        },
        "subnet0_name": {
            "value": "VMsSubnet"
        },
        "subnet0_addressRange": {
            "value": "10.20.0.0/24"
        },
        "subnet1_name": {
            "value": "AzureBastionSubnet"
        },
        "subnet1_addressRange": {
            "value": "10.20.10.0/26"
        },
        "ddosProtectionPlanEnabled": {
            "value": false
        },
        "firewallEnabled": {
            "value": false
        },
        "bastionEnabled": {
            "value": false
        }
    }
}