{
    "$schema": "https://schema.management.azure.com/schemas/2015-01-01/deploymentParameters.json#",
    "contentVersion": "1.0.0.0",
    "parameters": {
        "location": {
            "value": "eastus"
        },
        "networkInterfaceName": {
            "value": "demovm671"
        },
        "subnetName": {
            "value": "VMsSubnet"
        },
        "virtualNetworkId": {
            "value": "/subscriptions/4f642cc7-a407-4a09-be09-f341880a39b8/resourceGroups/DevLabDemo/providers/Microsoft.Network/virtualNetworks/DevLabVNet"
        },
        "virtualMachineName": {
            "value": "DemoVM"
        },
        "virtualMachineComputerName": {
            "value": "DemoVM"
        },
        "virtualMachineRG": {
            "value": "DevLabDemo"
        },
        "osDiskType": {
            "value": "StandardSSD_LRS"
        },
        "virtualMachineSize": {
            "value": "Standard_B2ms"
        },
        "adminUsername": {
            "value": "azureAdmin"
        },
        "adminPassword": {
            "value": null
        },
        "patchMode": {
            "value": "AutomaticByOS"
        },
        "enableHotpatching": {
            "value": false
        },
        "autoShutdownStatus": {
            "value": "Enabled"
        },
        "autoShutdownTime": {
            "value": "20:00"
        },
        "autoShutdownTimeZone": {
            "value": "Eastern Standard Time"
        },
        "autoShutdownNotificationStatus": {
            "value": "Disabled"
        },
        "autoShutdownNotificationLocale": {
            "value": "en"
        }
    }
}